{
  "baseline": {
    "final_loss": 2.0128657817840576,
    "loss_reduction": 11.498643217734465,
    "convergence_step": 11,
    "total_time": 0.052490234375,
    "losses": [
      2.2743897438049316,
      2.2948241233825684,
      2.4095458984375,
      2.349088668823242,
      2.5261600017547607,
      2.44486665725708,
      2.3566670417785645,
      2.563110589981079,
      2.589017868041992,
      2.4398131370544434,
      2.5079431533813477,
      2.432286262512207,
      2.442870616912842,
      2.183655261993408,
      2.4750821590423584,
      2.4908785820007324,
      2.509429454803467,
      2.3411152362823486,
      2.4801342487335205,
      2.362826108932495,
      2.3371524810791016,
      2.500939130783081,
      2.4077768325805664,
      2.401747465133667,
      2.5366852283477783,
      2.498591184616089,
      2.459573745727539,
      2.3485896587371826,
      2.5917165279388428,
      2.471100330352783,
      2.475447654724121,
      2.401233434677124,
      2.445556402206421,
      2.345261335372925,
      2.3705039024353027,
      2.4481804370880127,
      2.374814510345459,
      2.359032154083252,
      2.5036075115203857,
      2.3832759857177734,
      2.427548885345459,
      2.5830318927764893,
      2.523306369781494,
      2.3221287727355957,
      2.3606483936309814,
      2.4826362133026123,
      2.2914834022521973,
      2.473125696182251,
      2.402047872543335,
      2.3543100357055664,
      2.4226462841033936,
      2.242722272872925,
      2.2792632579803467,
      2.4634125232696533,
      2.385852336883545,
      2.3436338901519775,
      2.3736090660095215,
      2.3432302474975586,
      2.335244655609131,
      2.5269277095794678,
      2.507408380508423,
      2.522489070892334,
      2.441657066345215,
      2.145781993865967,
      2.342113733291626,
      2.2856333255767822,
      2.3732404708862305,
      2.2412023544311523,
      2.30800199508667,
      2.191317319869995,
      2.2850182056427,
      2.0929172039031982,
      2.348954200744629,
      2.3032665252685547,
      2.2391698360443115,
      2.4887325763702393,
      2.35514760017395,
      2.2554659843444824,
      2.203728199005127,
      2.207073211669922,
      2.173130989074707,
      2.2520992755889893,
      2.3153483867645264,
      2.2008187770843506,
      2.0598881244659424,
      2.0605170726776123,
      2.0787646770477295,
      2.0693345069885254,
      2.346323013305664,
      1.995761752128601,
      2.058417558670044,
      2.158794641494751,
      2.091944694519043,
      2.064678430557251,
      2.123675584793091,
      2.0723888874053955,
      1.9143505096435547,
      1.9300413131713867,
      2.1568140983581543,
      2.0128657817840576
    ],
    "temperatures": [
      5.0,
      4.95,
      4.9,
      4.85,
      4.8,
      4.75,
      4.699999999999999,
      4.6499999999999995,
      4.6000000000000005,
      4.55,
      4.5,
      4.45,
      4.4,
      4.35,
      4.3,
      4.25,
      4.2,
      4.1499999999999995,
      4.1000000000000005,
      4.050000000000001,
      4.0,
      3.95,
      3.9000000000000004,
      3.85,
      3.8,
      3.75,
      3.7,
      3.65,
      3.5999999999999996,
      3.55,
      3.5,
      3.4499999999999997,
      3.3999999999999995,
      3.3499999999999996,
      3.3,
      3.25,
      3.2,
      3.15,
      3.1,
      3.05,
      3.0,
      2.95,
      2.9000000000000004,
      2.8500000000000005,
      2.8000000000000003,
      2.75,
      2.7,
      2.6500000000000004,
      2.6,
      2.55,
      2.5,
      2.45,
      2.4,
      2.3499999999999996,
      2.3,
      2.25,
      2.1999999999999997,
      2.1500000000000004,
      2.1,
      2.0500000000000003,
      2.0,
      1.9500000000000002,
      1.9,
      1.85,
      1.7999999999999998,
      1.75,
      1.6999999999999997,
      1.65,
      1.5999999999999996,
      1.5500000000000003,
      1.5000000000000002,
      1.4500000000000002,
      1.4000000000000001,
      1.35,
      1.3,
      1.25,
      1.2,
      1.15,
      1.0999999999999999,
      1.0499999999999998,
      0.9999999999999998,
      0.9499999999999997,
      0.9000000000000002,
      0.8500000000000002,
      0.8000000000000002,
      0.7500000000000001,
      0.7000000000000001,
      0.65,
      0.6,
      0.5499999999999999,
      0.4999999999999999,
      0.44999999999999984,
      0.3999999999999998,
      0.34999999999999976,
      0.30000000000000027,
      0.2500000000000002,
      0.20000000000000018,
      0.15000000000000013,
      0.10000000000000009,
      0.1
    ]
  },
  "adaptive_temp": {
    "final_loss": 2.093188524246216,
    "loss_reduction": 10.039400617138346,
    "convergence_step": 10,
    "total_time": 0.05933499336242676,
    "losses": [
      2.3267836570739746,
      2.424381971359253,
      2.4168319702148438,
      2.419713020324707,
      2.555462598800659,
      2.545062780380249,
      2.5022709369659424,
      2.4948387145996094,
      2.565143585205078,
      2.533785581588745,
      2.5411293506622314,
      2.431083917617798,
      2.437988042831421,
      2.5201542377471924,
      2.5353782176971436,
      2.408613681793213,
      2.3989367485046387,
      2.525707483291626,
      2.5078530311584473,
      2.458637237548828,
      2.260218381881714,
      2.335465908050537,
      2.3826041221618652,
      2.4908227920532227,
      2.449669361114502,
      2.4582021236419678,
      2.4060981273651123,
      2.3802411556243896,
      2.5415639877319336,
      2.4570202827453613,
      2.4237403869628906,
      2.353633165359497,
      2.4930803775787354,
      2.5089664459228516,
      2.3694534301757812,
      2.464370012283325,
      2.4626803398132324,
      2.5813114643096924,
      2.4509177207946777,
      2.1514644622802734,
      2.5025031566619873,
      2.4076859951019287,
      2.3205952644348145,
      2.4110898971557617,
      2.4180357456207275,
      2.311389446258545,
      2.5244083404541016,
      2.445279359817505,
      2.2700982093811035,
      2.2493581771850586,
      2.389294385910034,
      2.424640417098999,
      2.2546486854553223,
      2.3020505905151367,
      2.324840545654297,
      2.260150909423828,
      2.3607966899871826,
      2.2748517990112305,
      2.345248222351074,
      2.187786340713501,
      2.258495807647705,
      2.235382318496704,
      2.0767643451690674,
      2.3080718517303467,
      2.036182403564453,
      2.007657527923584,
      2.2399511337280273,
      2.094805955886841,
      2.0559964179992676,
      1.9991036653518677,
      2.348553419113159,
      2.358200788497925,
      2.415613889694214,
      2.1547327041625977,
      2.4294915199279785,
      2.1320297718048096,
      2.243246078491211,
      2.3049099445343018,
      2.4110560417175293,
      2.2311224937438965,
      2.3653950691223145,
      2.2714040279388428,
      2.2728586196899414,
      2.25103759765625,
      2.053797721862793,
      2.1270670890808105,
      2.020418882369995,
      2.143864154815674,
      2.097939968109131,
      2.331456422805786,
      2.153444766998291,
      2.2545652389526367,
      2.1948554515838623,
      1.9002079963684082,
      2.1660828590393066,
      2.2553670406341553,
      2.048410654067993,
      2.0418527126312256,
      1.8020973205566406,
      2.093188524246216
    ],